id;app_id;type;value;created_by;created_at;modified_by;modified_at
1;31392;copy Robust invoice;../fake-data/blob/hipster.txt;90152;2021-06-23;89333;2021-06-24
2;78625;deploy panel Fish;../fake-data/blob/hipster.txt;34469;2021-06-23;17733;2021-06-23
3;16582;Lempira;../fake-data/blob/hipster.txt;9714;2021-06-23;62391;2021-06-23
4;96946;Dong 대구 Extended;../fake-data/blob/hipster.txt;298;2021-06-23;5607;2021-06-23
5;4488;niches RAM;../fake-data/blob/hipster.txt;78989;2021-06-23;4623;2021-06-23
6;50986;services open-source;../fake-data/blob/hipster.txt;13687;2021-06-23;78328;2021-06-23
7;57747;전남 Health Clothing;../fake-data/blob/hipster.txt;15383;2021-06-23;61742;2021-06-23
8;19909;세종 Keyboard;../fake-data/blob/hipster.txt;79893;2021-06-23;73295;2021-06-23
9;22808;turn-key Shoes;../fake-data/blob/hipster.txt;29207;2021-06-24;1215;2021-06-23
10;16880;면 Account Fish;../fake-data/blob/hipster.txt;18153;2021-06-24;95148;2021-06-23
