id;acc_token;acc_exp_time;ref_token;ref_exp_time;created_by;created_at
1;indigo;2021-06-23;Chair Chief;2021-06-24;31609;2021-06-24
2;Facilitator;2021-06-24;capability Bedfordshire;2021-06-24;27107;2021-06-24
3;solutions Cambridgeshire encryption;2021-06-23;Integration calculate Account;2021-06-23;53202;2021-06-24
4;bypassing Infrastructure Computers;2021-06-23;well-modulated;2021-06-23;47896;2021-06-23
5;Unbranded paradigms;2021-06-23;structure grow;2021-06-23;7395;2021-06-24
6;Buckinghamshire Fantastic Cotton;2021-06-23;Bulgaria Loan 경남;2021-06-23;5939;2021-06-23
7;Coordinator SDD;2021-06-23;markets 동;2021-06-23;58087;2021-06-23
8;Visionary 경남;2021-06-23;Gorgeous;2021-06-23;25352;2021-06-23
9;Handmade open-source Outdoors;2021-06-24;programming Awesome;2021-06-23;90827;2021-06-23
10;Garden;2021-06-23;hack frame Future;2021-06-23;52138;2021-06-23
