id;name;status;created_by;created_at;modified_by;modified_at
1;면;Up-sized SQL Bedfordshire;81071;2021-06-23;33390;2021-06-23
2;Forward foreground;Direct up XML;12597;2021-06-23;19631;2021-06-24
3;Group;Intranet Loan Architect;43928;2021-06-23;11099;2021-06-23
4;읍 infrastructures Money;mobile Director;34713;2021-06-23;26160;2021-06-23
5;connecting system;capacitor initiative Customer;88760;2021-06-23;48082;2021-06-23
6;Dinar;demand-driven website;35077;2021-06-24;69576;2021-06-23
7;payment;compressing sexy matrices;9078;2021-06-23;9788;2021-06-23
8;auxiliary Associate;Configuration Representative;38537;2021-06-24;13937;2021-06-23
9;mission-critical Customer Birr;Forward 면 Investment;15588;2021-06-23;52650;2021-06-23
10;Awesome technologies 광주;wireless Honduras;98078;2021-06-24;15705;2021-06-23
